Model,Approval Rate
Biased,0.11816935996917162
Behavior-Based,0.29843783134233404
Fairer,0.29843783134233404
